id;point_id;site;date;lon;lat;TD_cm;;;;
1;RP042-1;2;2018-07-28;21.57833407;69.02368386;40;;;;
2;RP042-2;2;2018-07-28;21.57819802;69.02377231;39;;;;
3;RP042-3;2;2018-07-28;21.57817075;69.02391805;74;;;;
4;RP042-4;2;2018-07-28;21.57794652;69.02399239;37;;;;
5;RP042-5;2;2018-07-28;21.57843455;69.02393109;44;;;;
6;RP042-6;2;2018-07-28;21.57861245;69.02381328;32;;;;
7;RP043-1;2;2018-07-28;21.57871476;69.02415509;42;;;;
8;RP043-2;2;2018-07-28;21.57882712;69.02408584;41;;;;
9;RP043-3;2;2018-07-28;21.5790152;69.02412112;40;;;;
10;RP045-1;2;2018-07-28;21.5798623;69.02411234;31;;;;
11;RP045-2;2;2018-07-28;21.57994103;69.02404471;32;;;;
12;RP044-5;2;2018-07-28;21.57973818;69.02365225;36;;;;
13;RP044-6;2;2018-07-28;21.57941556;69.02367015;37;;;;
14;RP044-7;2;2018-07-28;21.57966698;69.02380001;43;;;;
15;RP044-8;2;2018-07-28;21.57981843;69.02386853;34;;;;
16;RP044-9;2;2018-07-28;21.58026848;69.02375679;37;;;;
17;RP044-10;2;2018-07-28;21.58083041;69.02390811;34;;;;
18;RP044-11;2;2018-07-28;21.58148826;69.02370414;30;;;;
19;RP044-12;2;2018-07-28;21.58135452;69.0238145;36;;;;
20;RP044-13;2;2018-07-28;21.58184539;69.02380455;40;;;;
21;RP044-14;2;2018-07-28;21.58219584;69.02374656;37;;;;
22;RP044-33;2;2018-07-28;21.584354;69.023894;32;;;;
23;RP044-34;2;2018-07-28;21.584431;69.024026;60;;;;
24;RP044-35;2;2018-07-28;21.583828;69.023835;38;;;;
25;RP041-1;2;2018-07-28;21.57902365;69.02316885;39;;;;
26;RP041-2;2;2018-07-28;21.57908232;69.02303198;40;;;;
27;RP041-4;2;2018-07-28;21.57871064;69.02305638;42;;;;
28;RP041-5;2;2018-07-28;21.57837451;69.0230355;35;;;;
29;RP041-6;2;2018-07-28;21.57846202;69.02319335;35;;;;
30;RP041-7;2;2018-07-28;21.57816486;69.02322716;31;;;;
31;RP041-8;2;2018-07-28;21.57838737;69.02333716;39;;;;
32;RP041-9;2;2018-07-28;21.57809824;69.02341553;79;;;;
33;RP041-10;2;2018-07-28;21.57809229;69.02356103;40;;;;
34;RP044-1;2;2018-07-28;21.58052526;69.02363041;40;;;;
35;RP044-2;2;2018-07-28;21.58036345;69.02351579;43;;;;
36;RP044-3;2;2018-07-28;21.57997243;69.02353225;42;;;;
37;RP044-4;2;2018-07-28;21.58016796;69.02363643;41;;;;
38;RP044-15;2;2018-07-28;21.58222886;69.02363179;40;;;;
39;RP044-16;2;2018-07-28;21.58185811;69.02359987;38;;;;
40;RP044-17;2;2018-07-28;21.58143637;69.02345168;40;;;;
41;RP044-18;2;2018-07-28;21.581656;69.023327;38;;;;
42;RP044-19;2;2018-07-28;21.582058;69.023293;46;;;;
43;RP044-20;2;2018-07-28;21.582286;69.023351;38;;;;
44;RP044-21;2;2018-07-28;21.582319;69.02346;35;;;;
45;RP044-22;2;2018-07-28;21.582486;69.023584;40;;;;
46;RP044-23;2;2018-07-28;21.582746;69.023571;45;;;;
47;RP044-24;2;2018-07-28;21.582593;69.023285;40;;;;
48;RP044-26;2;2018-07-28;21.584184;69.023232;41;;;;
49;RP044-27;2;2018-07-28;21.583755;69.023258;40;;;;
50;RP044-28;2;2018-07-28;21.584015;69.023333;60;;;;
51;RP044-29;2;2018-07-28;21.584086;69.02351;29;;;;
52;RP044-30;2;2018-07-28;21.584323;69.02356;37;;;;
53;RP044-31;2;2018-07-28;21.584137;69.023627;39;;;;
54;RP044-32;2;2018-07-28;21.584441;69.023701;42;;;;
55;RP044-36;2;2018-07-28;21.583536;69.023745;35;;;;
56;RP044-37;2;2018-07-28;21.583498;69.02358;34;;;;
57;RP044-38;2;2018-07-28;21.58357;69.023453;38;;;;
58;RP044-39;2;2018-07-28;21.583517;69.023329;34;;;;
59;RP041-3;2;2018-07-28;21.57918472;69.02289245;37;;;;
60;RP044-25;2;2018-07-28;21.584015;69.023123;47;;;;
61;RP021-3;2;2018-07-28;21.57716052;69.02247156;40;;;;
62;RP021-4;2;2018-07-28;21.57746361;69.02240528;44;;;;
63;RP021-5;2;2018-07-28;21.5776053;69.0225023;37;;;;
64;RP021-1;2;2018-07-28;21.5772768;69.02226318;35;;;;
65;RP021-2;2;2018-07-28;21.57706518;69.0223584;38;;;;
66;RP021-6;2;2018-07-28;21.57800034;69.02236317;37;;;;
67;RP021-7;2;2018-07-28;21.57810578;69.02226836;36;;;;
68;RP021-8;2;2018-07-28;21.57844891;69.02221526;40;;;;
69;RP021-9;2;2018-07-28;21.57827739;69.02203266;37;;;;
70;RP021-10;2;2018-07-28;21.57821523;69.02190638;90;;;;
71;RP021-11;2;2018-07-28;21.57853813;69.0219387;39;;;;
72;RP021-12;2;2018-07-28;21.57890723;69.02188315;42;;;;
73;RP021-23;2;2018-07-28;21.57690503;69.02178483;36;;;;
74;RP021-26;2;2018-07-28;21.57619827;69.02189142;37;;;;
75;RP021-27;2;2018-07-28;21.57637296;69.02208292;35;;;;
76;RP021-28;2;2018-07-28;21.57703307;69.02203266;38;;;;
77;RP021-29;2;2018-07-28;21.57746203;69.02205516;39;;;;
78;RP021-30;2;2018-07-28;21.57717507;69.02216757;39;;;;
79;RP021-13;2;2018-07-28;21.57852078;69.02173944;41;;;;
80;RP021-14;2;2018-07-28;21.57834954;69.02157534;39;;;;
81;RP021-15;2;2018-07-28;21.57889801;69.02152059;34;;;;
82;RP021-16;2;2018-07-28;21.57877373;69.02168213;44;;;;
83;RP021-17;2;2018-07-28;21.57784635;69.02168317;40;;;;
84;RP021-18;2;2018-07-28;21.57738965;69.02176728;40;;;;
85;RP021-19;2;2018-07-28;21.57743143;69.02161681;38;;;;
86;RP021-20;2;2018-07-28;21.57738903;69.02147891;45;;;;
87;RP021-21;2;2018-07-28;21.57697574;69.02147648;35;;;;
88;RP021-22;2;2018-07-28;21.5770895;69.0216286;32;;;;
89;RP021-24;2;2018-07-28;21.57671235;69.02167632;40;;;;
90;RP021-25;2;2018-07-28;21.57637564;69.02171166;90;;;;
91;RP064-4;2;2018-07-31;21.57457263;69.02118351;34;;;;
92;RP064-5;2;2018-07-31;21.57464478;69.02131517;35;;;;
93;RP064-6;2;2018-07-31;21.57492937;69.02118264;33;;;;
94;RP064-8;2;2018-07-31;21.57475691;69.02109304;35;;;;
95;RP018-1;2;2018-07-31;21.57525951;69.02130812;36;;;;
96;RP018-2;2;2018-07-31;21.57548684;69.02138131;40;;;;
97;RP018-3;2;2018-07-31;21.57539554;69.02119984;32;;;;
98;RP018-4;2;2018-07-31;21.57566052;69.02130991;40;;;;
99;RP018-5;2;2018-07-31;21.57601174;69.02131861;41;;;;
100;RP018-6;2;2018-07-31;21.57579077;69.02119513;40;;;;
101;RP018-7;2;2018-07-31;21.57616913;69.02117561;45;;;;
102;RP018-8;2;2018-07-31;21.57644335;69.02119539;50;;;;
103;RP009-3;2;2018-07-31;21.581139;69.020758;40;;;;
104;RP009-4;2;2018-07-31;21.58065;69.020884;44;;;;
105;RP009-5;2;2018-07-31;21.580774;69.020768;39;;;;
106;RP006-2;2;2018-07-31;21.579361;69.020729;32;;;;
107;RP064-1;2;2018-07-31;21.57439687;69.02087223;41;;;;
108;RP064-2;2;2018-07-31;21.57447089;69.02095463;35;;;;
109;RP064-3;2;2018-07-31;21.57440936;69.02105832;40;;;;
110;RP064-7;2;2018-07-31;21.5750921;69.02109621;38;;;;
111;RP063-1;2;2018-07-31;21.574715;69.02080415;40;;;;
112;RP063-2;2;2018-07-31;21.57481956;69.02089926;41;;;;
113;RP063-3;2;2018-07-31;21.57511732;69.02087826;40;;;;
114;RP063-4;2;2018-07-31;21.57545899;69.02083417;37;;;;
115;RP063-5;2;2018-07-31;21.57572632;69.02085592;40;;;;
116;RP063-6;2;2018-07-31;21.57589181;69.02077341;43;;;;
117;RP063-7;2;2018-07-31;21.57621947;69.02082619;37;;;;
118;RP063-8;2;2018-07-31;21.57583866;69.02092278;38;;;;
119;REKH-1;2;2018-07-31;21.57550053;69.02068949;38;;;;
120;REKH-2;2;2018-07-31;21.57553365;69.02067639;37;;;;
121;RP019-1;2;2018-07-31;21.57548214;69.02109474;34;;;;
122;RP019-2;2;2018-07-31;21.57564611;69.02106794;34;;;;
123;RP019-3;2;2018-07-31;21.57569072;69.02111142;33;;;;
124;RP018-9;2;2018-07-31;21.57632411;69.02106342;41;;;;
125;RP018-10;2;2018-07-31;21.57627851;69.02096155;38;;;;
126;RP018-11;2;2018-07-31;21.57605793;69.02104479;39;;;;
127;RP048-1;2;2018-07-31;21.57691513;69.02105273;37;;;;
128;RP048-2;2;2018-07-31;21.5770496;69.0209523;45;;;;
129;RP048-3;2;2018-07-31;21.57681506;69.02088773;42;;;;
130;RP048-4;2;2018-07-31;21.5768496;69.0207801;41;;;;
131;RP048-5;2;2018-07-31;21.57657062;69.02066462;40;;;;
132;RP048-6;2;2018-07-31;21.57620087;69.02064165;46;;;;
133;RP049-1;2;2018-07-31;21.57698959;69.0205941;29;;;;
134;RP049-2;2;2018-07-31;21.57695428;69.02064053;32;;;;
135;RP046-1;2;2018-07-31;21.57746526;69.02074169;37;;;;
136;RP046-2;2;2018-07-31;21.57776282;69.02074681;39;;;;
137;RP046-3;2;2018-07-31;21.57823059;69.02075728;35;;;;
138;RP046-4;2;2018-07-31;21.57781748;69.02069158;85;;;;
139;RP046-5;2;2018-07-31;21.57772489;69.02062293;40;;;;
140;RP052-3;2;2018-07-31;21.581492;69.020163;40;;;;
141;RP011-1;2;2018-07-31;21.583573;69.020474;35;;;;
142;RP011-2;2;2018-07-31;21.583392;69.020573;34;;;;
143;RP011-3;2;2018-07-31;21.583723;69.020636;36;;;;
144;RP011-4;2;2018-07-31;21.584002;69.020639;37;;;;
145;RP011-5;2;2018-07-31;21.584003;69.020548;31;;;;
146;RP009-1;2;2018-07-31;21.581084;69.020555;47;;;;
147;RP009-2;2;2018-07-31;21.581118;69.020653;40;;;;
148;RP009-6;2;2018-07-31;21.580808;69.020629;39;;;;
149;RP009-7;2;2018-07-31;21.580797;69.020492;38;;;;
150;RP010-1;2;2018-07-31;21.58068;69.02035;48;;;;
151;RP010-2;2;2018-07-31;21.580681;69.020268;40;;;;
152;RP010-3;2;2018-07-31;21.580959;69.020346;42;;;;
153;RP010-4;2;2018-07-31;21.580937;69.02019;41;;;;
154;RP051-6;2;2018-07-31;21.578655;69.02004;42;;;;
155;RP051-7;2;2018-07-31;21.579111;69.020107;35;;;;
156;RP051-8;2;2018-07-31;21.578792;69.020189;40;;;;
157;RP051-9;2;2018-07-31;21.578381;69.02022;37;;;;
158;RP051-10;2;2018-07-31;21.57806;69.020234;38;;;;
159;RP050-1;2;2018-07-31;21.579351;69.020284;37;;;;
160;RP050-2;2;2018-07-31;21.579241;69.020376;40;;;;
161;RP050-3;2;2018-07-31;21.57917;69.020461;40;;;;
162;RP005-1;2;2018-07-31;21.578938;69.020593;37;;;;
163;RP005-2;2;2018-07-31;21.578779;69.020602;30;;;;
164;RP003-1;2;2018-07-31;21.575739;69.020024;41;;;;
165;RP003-2;2;2018-07-31;21.57566;69.020051;32;;;;
166;RP004-1;2;2018-07-31;21.57668;69.020019;36;;;;
167;RP004-3;2;2018-07-31;21.576522;69.020206;34;;;;
168;REKF-1;2;2018-07-31;21.57480986;69.02003008;38;;;;
169;REKF-2;2;2018-07-31;21.57473089;69.02003739;42;;;;
170;REKG-1;2;2018-07-31;21.57501884;69.02007328;38;;;;
171;REKG-2;2;2018-07-31;21.57496956;69.02007462;45;;;;
172;RP001-1;2;2018-07-31;21.57483903;69.02019128;37;;;;
173;RP001-2;2;2018-07-31;21.57462887;69.02021227;30;;;;
174;RP001-3;2;2018-07-31;21.57480439;69.02025413;38;;;;
175;RP002-1;2;2018-07-31;21.57504153;69.02037203;35;;;;
176;RP002-2;2;2018-07-31;21.57515874;69.02045008;30;;;;
177;RP002-3;2;2018-07-31;21.57543291;69.02043868;30;;;;
178;RP048-7;2;2018-07-31;21.5766304;69.02051942;35;;;;
179;RP048-8;2;2018-07-31;21.57654267;69.02043581;40;;;;
180;RP048-9;2;2018-07-31;21.5770129;69.0203832;36;;;;
181;RP048-10;2;2018-07-31;21.577026;69.02032122;34;;;;
182;RP047-1;2;2018-07-31;21.57787217;69.02052361;39;;;;
183;RP047-2;2;2018-07-31;21.57794651;69.02049525;38;;;;
184;RP047-3;2;2018-07-31;21.57803426;69.02051714;38;;;;
185;RP057-6;2;2018-07-31;21.57895163;69.01950574;36;;;;
186;RP057-7;2;2018-07-31;21.57854073;69.01971615;48;;;;
187;RP057-8;2;2018-07-31;21.57981139;69.01966491;45;;;;
188;RP057-9;2;2018-07-31;21.58036621;69.01964367;40;;;;
189;RP062-20;2;2018-07-31;21.581803;69.019549;43;;;;
190;RP062-21;2;2018-07-31;21.581517;69.019676;39;;;;
191;RP062-22;2;2018-07-31;21.581388;69.019783;40;;;;
192;RP062-23;2;2018-07-31;21.581178;69.019662;46;;;;
193;RP062-24;2;2018-07-31;21.581109;69.019556;41;;;;
194;RP062-25;2;2018-07-31;21.581524;69.019544;40;;;;
195;RP013-1;2;2018-07-31;21.583141;69.019634;34;;;;
196;RP013-2;2;2018-07-31;21.582866;69.019682;38;;;;
197;RP013-3;2;2018-07-31;21.582626;69.019648;43;;;;
198;RP013-4;2;2018-07-31;21.582313;69.019684;38;;;;
199;RP013-5;2;2018-07-31;21.58222;69.019652;46;;;;
200;RP013-6;2;2018-07-31;21.582058;69.019753;40;;;;
201;RP013-7;2;2018-07-31;21.581859;69.019801;37;;;;
202;RP013-8;2;2018-07-31;21.582148;69.019867;37;;;;
203;RP054-1;2;2018-07-31;21.58099;69.019729;41;;;;
204;RP054-2;2;2018-07-31;21.580938;69.019843;40;;;;
205;RP054-3;2;2018-07-31;21.580722;69.019981;40;;;;
206;RP054-4;2;2018-07-31;21.580447;69.020022;38;;;;
207;RP054-5;2;2018-07-31;21.580484;69.019921;40;;;;
208;RP052-1;2;2018-07-31;21.581446;69.019928;40;;;;
209;RP052-2;2;2018-07-31;21.581328;69.020055;37;;;;
210;RP052-4;2;2018-07-31;21.581587;69.020053;41;;;;
211;RP053-1;2;2018-07-31;21.582244;69.020044;33;;;;
212;RP053-2;2;2018-07-31;21.582582;69.020019;33;;;;
213;RP053-3;2;2018-07-31;21.582795;69.020016;50;;;;
214;RP053-4;2;2018-07-31;21.582736;69.0199;35;;;;
215;RP051-1;2;2018-07-31;21.579847;69.019957;35;;;;
216;RP051-2;2;2018-07-31;21.579502;69.01994;40;;;;
217;RP051-3;2;2018-07-31;21.579835;69.020045;38;;;;
218;RP051-4;2;2018-07-31;21.579477;69.019994;39;;;;
219;RP051-5;2;2018-07-31;21.579047;69.019981;40;;;;
220;RP070-1;2;2018-07-31;21.577489;69.019764;30;;;;
221;RP070-2;2;2018-07-31;21.577283;69.019842;40;;;;
222;RP070-3;2;2018-07-31;21.577045;69.019756;41;;;;
223;RP070-4;2;2018-07-31;21.576696;69.01963;37;;;;
224;RP070-5;2;2018-07-31;21.576381;69.019594;35;;;;
225;RP070-6;2;2018-07-31;21.576309;69.019743;29;;;;
226;RP070-7;2;2018-07-31;21.576445;69.019875;34;;;;
227;RP070-8;2;2018-07-31;21.576037;69.019913;37;;;;
228;RP057-1;2;2018-07-28;21.57812961;69.01914105;37;;;;
229;RP057-2;2;2018-07-28;21.57840858;69.01904852;40;;;;
230;RP057-3;2;2018-07-28;21.57887418;69.01913094;44;;;;
231;RP057-4;2;2018-07-28;21.57927573;69.01914284;34;;;;
232;RP057-5;2;2018-07-28;21.57912641;69.01935393;38;;;;
233;RP057-10;2;2018-07-28;21.58038688;69.0194261;30;;;;
234;RP059-2;2;2018-07-31;21.58136708;69.0189323;48;;;;
235;RP059-3;2;2018-07-31;21.58102124;69.01897133;35;;;;
236;RP059-4;2;2018-07-31;21.58067007;69.01901555;35;;;;
237;RP059-5;2;2018-07-31;21.58070283;69.01915197;39;;;;
238;RP059-6;2;2018-07-31;21.58041881;69.01926155;40;;;;
239;RP058-1;2;2018-07-31;21.57987374;69.01919555;35;;;;
240;RP058-2;2;2018-07-31;21.58011215;69.01915644;37;;;;
241;RP058-3;2;2018-07-31;21.5799273;69.01904955;40;;;;
242;RP058-4;2;2018-07-31;21.5800473;69.01895287;37;;;;
243;RP058-5;2;2018-07-31;21.58028075;69.01905471;38;;;;
244;RP062-1;2;2018-07-31;21.58114315;69.01944849;40;;;;
245;RP062-2;2;2018-07-31;21.5814862;69.01946404;43;;;;
246;RP062-3;2;2018-07-31;21.581763;69.019336;46;;;;
247;RP062-4;2;2018-07-31;21.58144;69.01924;47;;;;
248;RP062-5;2;2018-07-31;21.582078;69.019235;42;;;;
249;RP062-6;2;2018-07-31;21.582012;69.019048;38;;;;
250;RP062-7;2;2018-07-31;21.582244;69.019115;49;;;;
251;RP062-8;2;2018-07-31;21.582201;69.019347;43;;;;
252;RP062-9;2;2018-07-31;21.582547;69.01931;40;;;;
253;RP062-10;2;2018-07-31;21.582674;69.019144;36;;;;
254;RP062-11;2;2018-07-31;21.582582;69.019017;37;;;;
255;RP062-12;2;2018-07-31;21.582965;69.019112;41;;;;
256;RP062-13;2;2018-07-31;21.583282;69.019112;41;;;;
257;RP062-14;2;2018-07-31;21.582907;69.019243;38;;;;
258;RP062-15;2;2018-07-31;21.583344;69.019239;34;;;;
259;RP062-16;2;2018-07-31;21.583631;69.019353;40;;;;
260;RP062-17;2;2018-07-31;21.583513;69.019492;32;;;;
261;RP062-18;2;2018-07-31;21.583275;69.019366;37;;;;
262;RP062-19;2;2018-07-31;21.582309;69.019476;47;;;;
263;RP085-2;2;2018-07-26;21.628634;69.019874;31;;;;
264;RP085-3;2;2018-07-26;21.62871;69.01997;28;;;;
265;RP085-4;2;2018-07-26;21.628636;69.02002;28;;;;
266;RP085-5;2;2018-07-26;21.628813;69.020077;29;;;;
267;RP085-6;2;2018-07-26;21.628935;69.020166;39;;;;
268;RP085-7;2;2018-07-26;21.629113;69.020217;41;;;;
269;RP083-1;2;2018-07-26;21.629488;69.019947;30;;;;
270;RP083-2;2;2018-07-26;21.62956;69.019975;32;;;;
271;RP082-1;2;2018-07-26;21.630104;69.020094;32;;;;
272;RP082-2;2;2018-07-26;21.630163;69.020154;36;;;;
273;RP082-3;2;2018-07-26;21.630418;69.020054;23;;;;
274;RP082-4;2;2018-07-26;21.630591;69.020059;30;;;;
275;RP088-5;2;2018-07-26;21.630734;69.01997;33;;;;
276;RP088-6;2;2018-07-26;21.63085;69.019879;36;;;;
277;RP088-8;2;2018-07-26;21.631063;69.019914;36;;;;
278;RP087-2;2;2018-07-26;21.631706;69.019939;37;;;;
279;REKE-21;2;2018-07-27;21.589162;69.018785;39;;;;
280;REKE-22;2;2018-07-27;21.588794;69.018831;40;;;;
281;REKE-23;2;2018-07-27;21.588154;69.018765;39;;;;
282;REKE-24;2;2018-07-27;21.588782;69.018591;36;;;;
283;RP060-1;2;2018-07-31;21.58312348;69.01846853;42;;;;
284;RP060-2;2;2018-07-31;21.583188;69.01853594;39;;;;
285;RP060-3;2;2018-07-31;21.58304126;69.01849238;40;;;;
286;RP061-1;2;2018-07-31;21.58264571;69.01846031;40;;;;
287;RP061-2;2;2018-07-31;21.58241268;69.01846305;40;;;;
288;RP061-3;2;2018-07-31;21.5824528;69.01857351;45;;;;
289;RP061-4;2;2018-07-31;21.5824236;69.01866489;45;;;;
290;RP061-5;2;2018-07-31;21.5824235;69.0188234;37;;;;
291;RP059-1;2;2018-07-31;21.58166335;69.01886364;40;;;;
292;RP079-1;2;2018-07-26;21.625363;69.01924;39;;;;
293;RP079-2;2;2018-07-26;21.625711;69.019287;38;;;;
294;RP079-3;2;2018-07-26;21.62584;69.019413;34;;;;
295;RP079-4;2;2018-07-26;21.625536;69.019356;48;;;;
296;RP079-5;2;2018-07-26;21.625347;69.019378;41;;;;
297;RP089-1;2;2018-07-26;21.628086;69.019319;26;;;;
298;RP089-2;2;2018-07-26;21.628325;69.019366;27;;;;
299;RP089-3;2;2018-07-26;21.628373;69.019335;28;;;;
300;RP090-1;2;2018-07-26;21.628612;69.019278;26;;;;
301;RP090-2;2;2018-07-26;21.628646;69.01926;35;;;;
302;RP091-1;2;2018-07-26;21.628719;69.019366;36;;;;
303;RP091-2;2;2018-07-26;21.628693;69.019462;28;;;;
304;RP091-3;2;2018-07-26;21.628544;69.019509;27;;;;
305;RP091-4;2;2018-07-26;21.628643;69.019557;28;;;;
306;RP091-5;2;2018-07-26;21.628541;69.019625;28;;;;
307;RP091-6;2;2018-07-26;21.628865;69.019608;26;;;;
308;RP091-7;2;2018-07-26;21.62908;69.019589;31;;;;
309;RP091-8;2;2018-07-26;21.629251;69.01959;28;;;;
310;RP091-9;2;2018-07-26;21.629509;69.019523;30;;;;
311;RP091-10;2;2018-07-26;21.629545;69.01946;35;;;;
312;RP091-11;2;2018-07-26;21.629403;69.019682;29;;;;
313;RP091-12;2;2018-07-26;21.629592;69.019727;30;;;;
314;RP091-13;2;2018-07-26;21.629726;69.01969;31;;;;
315;RP091-14;2;2018-07-26;21.630041;69.019634;40;;;;
316;RP091-15;2;2018-07-26;21.630182;69.019585;34;;;;
317;RP085-1;2;2018-07-26;21.628394;69.019746;27;;;;
318;RP088-7;2;2018-07-26;21.631121;69.019834;34;;;;
319;RP087-1;2;2018-07-26;21.631684;69.019871;30;;;;
320;REKE-10;2;2018-07-27;21.589456;69.01797;33;;;;
321;REKE-15;2;2018-07-27;21.587858;69.018039;35;;;;
322;REKE-16;2;2018-07-27;21.587541;69.017961;34;;;;
323;REKE-17;2;2018-07-27;21.587092;69.018004;37;;;;
324;REKE-18;2;2018-07-27;21.588318;69.018222;28;;;;
325;REKE-19;2;2018-07-27;21.588816;69.018365;46;;;;
326;REKE-20;2;2018-07-27;21.589121;69.018537;41;;;;
327;REKE-25;2;2018-07-27;21.588492;69.018469;37;;;;
328;REKE-1;2;2018-07-27;21.590099;69.017631;41;;;;
329;REKE-2;2;2018-07-27;21.590544;69.017724;40;;;;
330;REKE-3;2;2018-07-27;21.590082;69.017804;40;;;;
331;REKE-4;2;2018-07-27;21.58971;69.017872;45;;;;
332;REKE-5;2;2018-07-27;21.589448;69.017677;32;;;;
333;REKE-6;2;2018-07-27;21.589418;69.01765;30;;;;
334;REKE-7;2;2018-07-27;21.589531;69.017545;42;;;;
335;REKE-8;2;2018-07-27;21.589155;69.017593;38;;;;
336;REKE-9;2;2018-07-27;21.589085;69.017693;39;;;;
337;REKE-11;2;2018-07-27;21.588982;69.01787;38;;;;
338;REKE-12;2;2018-07-27;21.588737;69.017754;40;;;;
339;REKE-13;2;2018-07-27;21.588304;69.017704;34;;;;
340;REKE-14;2;2018-07-27;21.588345;69.017901;39;;;;
341;EKC-1;1;2018-07-25;22.260241;68.81853;48;;;;
342;EKC-2;1;2018-07-25;22.260366;68.818553;37;;;;
343;EKC-3;1;2018-07-25;22.260193;68.818576;35;;;;
344;EKA-8;1;2018-07-25;22.260492;68.817718;38;;;;
345;EKA-9;1;2018-07-25;22.260351;68.81779;38;;;;
346;EKA-10;1;2018-07-25;22.260005;68.817811;39;;;;
347;EKB-1;1;2018-07-25;22.257538;68.817869;45;;;;
348;EKB-2;1;2018-07-25;22.257706;68.817786;48;;;;
349;EKB-3;1;2018-07-25;22.25797;68.817825;45;;;;
350;EKB-4;1;2018-07-25;22.258342;68.817793;38;;;;
351;EKB-5;1;2018-07-25;22.258427;68.817886;44;;;;
352;EKB-6;1;2018-07-25;22.258582;68.81777;47;;;;
353;EKB-7;1;2018-07-25;22.258936;68.817892;34;;;;
354;EKB-8;1;2018-07-25;22.258672;68.817977;35;;;;
355;EKB-9;1;2018-07-25;22.259017;68.817987;38;;;;
356;EKB-10;1;2018-07-25;22.259368;68.818037;36;;;;
357;EKB-11;1;2018-07-25;22.25964;68.818123;34;;;;
358;EKA-1;1;2018-07-25;22.258632;68.817508;30;;;;
359;EKA-2;1;2018-07-25;22.258797;68.817496;50;;;;
360;EKA-3;1;2018-07-25;22.258992;68.817536;41;;;;
361;EKA-4;1;2018-07-25;22.259286;68.817577;42;;;;
362;EKA-5;1;2018-07-25;22.2596;68.817545;33;;;;
363;EKA-6;1;2018-07-25;22.259803;68.817591;50;;;;
364;EKA-7;1;2018-07-25;22.260124;68.817576;35;;;;
365;P63-10;1;2018-07-22;22.2616552;68.81489479;38;;;;
366;P63-11;1;2018-07-22;22.26239176;68.81502913;32;;;;
367;P63-12;1;2018-07-22;22.26319522;68.81512388;40;;;;
368;P63-13;1;2018-07-22;22.26348727;68.81522761;42;;;;
369;P63-14;1;2018-07-22;22.26381554;68.81536517;41;;;;
370;P63-15;1;2018-07-22;22.26425891;68.81538561;42;;;;
371;P63-16;1;2018-07-22;22.2641939;68.81519097;51;;;;
372;P63-17;1;2018-07-22;22.26379034;68.81513193;48;;;;
373;P63-18;1;2018-07-22;22.263291;68.8150707;37;;;;
374;P64-1;1;2018-07-22;22.26240218;68.81487806;39;;;;
375;P64-2;1;2018-07-22;22.26248605;68.81483477;60;;;;
376;P63-1A;1;2018-07-22;22.26170035;68.81451662;43;;;;
377;P63-2B;1;2018-07-22;22.26206296;68.8144952;41;;;;
378;P63-3C;1;2018-07-22;22.26187515;68.8144654;42;;;;
379;P63-4;1;2018-07-22;22.26172766;68.81438069;51;;;;
380;P63-5;1;2018-07-22;22.26173441;68.81426901;57;;;;
381;P63-6;1;2018-07-22;22.26126525;68.81447501;61;;;;
382;P63-7;1;2018-07-22;22.2608818;68.8144587;41;;;;
383;P63-8;1;2018-07-22;22.2607629;68.81439717;30;;;;
384;P63-9;1;2018-07-22;22.26167643;68.81464205;42;;;;
385;P64-3;1;2018-07-22;22.26277566;68.81480364;47;;;;
386;P64-4;1;2018-07-22;22.26305766;68.81477353;48;;;;
387;EK01;1;2018-07-23;22.26028405;68.81384098;35;;;;
388;EK02;1;2018-07-23;22.26044324;68.81381588;50;;;;
389;EK03;1;2018-07-23;22.26091206;68.81379413;30;;;;
390;P59-1;1;2018-07-23;22.2615524;68.81369128;50;;;;
391;P59-2;1;2018-07-23;22.26165063;68.81369486;48;;;;
392;P59-3;1;2018-07-23;22.26177695;68.81371531;62;;;;
393;P59-4;1;2018-07-23;22.26188481;68.81373957;55;;;;
394;P59-5;1;2018-07-23;22.26201491;68.81373413;50;;;;
395;EK06;1;2018-07-23;22.26078061;68.81352399;90;;;;
396;P61-1;1;2018-07-23;22.26068678;68.81334967;60;;;;
397;P61-2;1;2018-07-23;22.26079425;68.8133276;40;;;;
398;P60-1;1;2018-07-23;22.26140308;68.81320108;51;;;;
399;P60-2;1;2018-07-23;22.26155725;68.81314065;60;;;;
400;P60-3;1;2018-07-23;22.26168164;68.81307314;51;;;;
401;P60-4;1;2018-07-23;22.26187876;68.81311792;43;;;;
402;P60-5;1;2018-07-23;22.26202894;68.81314252;60;;;;
403;P57-1;1;2018-07-23;22.25926874;68.81166205;60;;;;
404;P57-2;1;2018-07-23;22.25920002;68.81161735;75;;;;
405;P57-3;1;2018-07-23;22.25925294;68.81158999;47;;;;
406;P56-1;1;2018-07-23;22.25851765;68.81139061;40;;;;
407;P56-2;1;2018-07-23;22.25843838;68.8114431;40;;;;
408;P56-3;1;2018-07-23;22.25842584;68.81150563;45;;;;
409;P56-4;1;2018-07-23;22.25848336;68.81154243;38;;;;
410;P56-5;1;2018-07-23;22.25820709;68.81153963;45;;;;
411;P56-6;1;2018-07-23;22.25800617;68.8115304;41;;;;
412;P58-1;1;2018-07-23;22.25922081;68.81125345;41;;;;
413;P58-2;1;2018-07-23;22.2593173;68.81125261;55;;;;
414;P10-1;1;2018-07-24;22.276334;68.808972;55;;;;
415;P10-2;1;2018-07-24;22.276502;68.809049;41;;;;
416;P10-3;1;2018-07-24;22.276367;68.809111;45;;;;
417;P10-5;1;2018-07-24;22.276532;68.809178;55;;;;
418;P04-1;1;2018-07-24;22.275081;68.809208;45;;;;
419;P04-2;1;2018-07-24;22.274935;68.809218;46;;;;
420;P04-3;1;2018-07-24;22.274769;68.809178;62;;;;
421;P04-4;1;2018-07-24;22.274562;68.809186;50;;;;
422;P04-5;1;2018-07-24;22.274716;68.809087;52;;;;
423;P04-6;1;2018-07-24;22.27458;68.809008;57;;;;
424;P06-1;1;2018-07-24;22.276244;68.808389;43;;;;
425;P06-2;1;2018-07-24;22.276409;68.808474;41;;;;
426;P06-3;1;2018-07-24;22.27651;68.808536;41;;;;
427;P06-4;1;2018-07-24;22.276623;68.808592;57;;;;
428;P06-5;1;2018-07-24;22.27673;68.808627;50;;;;
429;P06-6;1;2018-07-24;22.276633;68.808683;46;;;;
430;P05-1;1;2018-07-24;22.275104;68.808709;60;;;;
431;P05-2;1;2018-07-24;22.275003;68.808749;78;;;;
432;K-F1;1;2018-07-24;22.28041;68.806172;75;;;;
433;K-F2;1;2018-07-24;22.280292;68.806228;73;;;;
434;K-G1;1;2018-07-24;22.280363;68.806449;82;;;;
435;K-G2;1;2018-07-24;22.280409;68.806525;90;;;;
436;P16-1;1;2018-07-24;22.2739541;68.80556857;40;;;;
437;P16-2;1;2018-07-24;22.27415049;68.80554731;46;;;;
438;P16-3;1;2018-07-24;22.27432629;68.80554036;42;;;;
439;P54-1;1;2018-07-24;22.27246447;68.8053566;37;;;;
440;P54-2;1;2018-07-24;22.27262324;68.80537557;44;;;;
441;P54-3;1;2018-07-24;22.2728278;68.8053669;31;;;;
442;K01;1;2018-07-24;22.27265304;68.80549282;31;;;;
443;P17-1;1;2018-07-24;22.27430536;68.80533466;41;;;;
444;P17-2;1;2018-07-24;22.27418424;68.80526209;46;;;;
445;P17-3;1;2018-07-24;22.27437364;68.80520685;38;;;;
446;P17-4;1;2018-07-24;22.27445806;68.80528926;40;;;;
447;P53-1;1;2018-07-24;22.27275354;68.80504316;37;;;;
448;P53-2;1;2018-07-24;22.27265953;68.80507535;32;;;;
449;P18-1;1;2018-07-24;22.27541365;68.80518157;40;;;;
450;P18-2;1;2018-07-24;22.27531559;68.80508271;50;;;;
451;P18-3;1;2018-07-24;22.27577145;68.80502369;42;;;;
452;P18-4;1;2018-07-24;22.27597129;68.80507407;48;;;;
453;P18-5;1;2018-07-24;22.27626728;68.80509543;45;;;;
454;P18-6;1;2018-07-24;22.27615655;68.8049919;47;;;;
455;P52-1;1;2018-07-24;22.27619613;68.80451381;53;;;;
456;P52-2;1;2018-07-24;22.27632698;68.80441312;39;;;;
457;P52-3;1;2018-07-24;22.27610231;68.80434337;38;;;;
458;P52-4;1;2018-07-24;22.27629382;68.80436205;50;;;;
459;P52-5;1;2018-07-24;22.27635435;68.80427363;41;;;;
460;P52-6;1;2018-07-24;22.27609837;68.80428331;39;;;;
461;P51-1;1;2018-07-24;22.27467871;68.8044546;38;;;;
462;P51-2;1;2018-07-24;22.27456458;68.80441454;45;;;;
463;P20-1;1;2018-07-24;22.279944;68.804514;37;;;;
464;P20-2;1;2018-07-24;22.279619;68.80439;32;;;;
465;P20-3;1;2018-07-24;22.27957;68.804342;42;;;;
466;K-A1;1;2018-07-24;22.27648514;68.80340043;34;;;;
467;K-A2;1;2018-07-24;22.27666615;68.8033867;38;;;;
468;K-A3;1;2018-07-24;22.2768822;68.80344189;33;;;;
469;P23-1;1;2018-07-24;22.28021502;68.80349834;44;;;;
470;P23-2;1;2018-07-24;22.28000993;68.80344028;40;;;;
471;P23-3;1;2018-07-24;22.28014537;68.80338818;62;;;;
472;P22-2;1;2018-07-24;22.28108821;68.80341223;44;;;;
473;P22-3;1;2018-07-24;22.28116533;68.80345187;50;;;;
474;P22-4;1;2018-07-24;22.28135289;68.80357835;50;;;;
475;P47-1;1;2018-07-24;22.26073818;68.80156749;33;;;;
476;P27-1;1;2018-07-24;22.2779146;68.80224094;38;;;;
477;P27-2;1;2018-07-24;22.27789458;68.80214586;35;;;;
478;P26-1;1;2018-07-24;22.28245786;68.80217094;46;;;;
479;P26-2;1;2018-07-24;22.28216598;68.8021581;55;;;;
480;P26-3;1;2018-07-24;22.28235233;68.80223789;64;;;;
481;P26-4;1;2018-07-24;22.28251797;68.8022631;60;;;;
482;P26-5;1;2018-07-24;22.28221863;68.80236699;60;;;;
483;P26-6;1;2018-07-24;22.28210112;68.80245451;58;;;;
484;P26-7;1;2018-07-24;22.28195819;68.80246881;56;;;;
485;P26-8;1;2018-07-24;22.2822729;68.80248439;61;;;;
486;P26-9;1;2018-07-24;22.28235773;68.80253168;52;;;;
487;P26-10;1;2018-07-24;22.28240684;68.80257547;58;;;;
488;P47-2;1;2018-07-23;22.2605525;68.80147568;41;;;;
489;P47-3;1;2018-07-23;22.26071125;68.80143329;39;;;;
490;P47-4;1;2018-07-23;22.26048553;68.80131692;43;;;;
491;P47-5;1;2018-07-23;22.26063322;68.80124483;47;;;;
492;P47-6;1;2018-07-23;22.26079904;68.80128782;37;;;;
493;P47-7;1;2018-07-23;22.26092301;68.80121272;43;;;;
494;P47-8;1;2018-07-23;22.26116678;68.80125324;40;;;;
495;P47-9;1;2018-07-23;22.26137055;68.80131815;45;;;;
496;P47-10;1;2018-07-23;22.2615251;68.80143533;38;;;;
497;P47-11;1;2018-07-23;22.26187545;68.80147452;48;;;;
498;P47-12;1;2018-07-23;22.26193253;68.80137306;46;;;;
499;P47-13;1;2018-07-23;22.26224969;68.80137365;77;;;;
500;P47-14;1;2018-07-23;22.26254087;68.80126015;14;;;;
501;P47-15;1;2018-07-23;22.26269773;68.80121073;50;;;;
502;P47-16;1;2018-07-23;22.26319975;68.80122877;49;;;;
503;P47-17;1;2018-07-23;22.26299927;68.8012252;55;;;;
504;P47-18;1;2018-07-23;22.26275364;68.80115198;50;;;;
505;P47-19;1;2018-07-23;22.26271632;68.80106073;47;;;;
506;P50-5;1;2018-07-23;22.25928548;68.80094654;62;;;;
507;P50-6;1;2018-07-23;22.25938867;68.80102351;53;;;;
508;P50-7;1;2018-07-23;22.25916443;68.80105832;51;;;;
509;P50-8;1;2018-07-23;22.25900918;68.80110403;49;;;;
510;P50-9;1;2018-07-23;22.25933269;68.8011188;50;;;;
511;P50-10;1;2018-07-23;22.25955681;68.80120377;55;;;;
512;P27-3;1;2018-07-24;22.27797591;68.8020034;42;;;;
513;P27-4;1;2018-07-24;22.27798506;68.80185758;41;;;;
514;P28-1;1;2018-07-23;22.2780581;68.80144401;33;;;;
515;P47-20;1;2018-07-23;22.26268964;68.80095688;20;;;;
516;P46-1;1;2018-07-23;22.26261355;68.80064661;46;;;;
517;P46-2;1;2018-07-23;22.26250239;68.80057697;65;;;;
518;P48-1;1;2018-07-23;22.26112488;68.80065066;52;;;;
519;P48-2;1;2018-07-23;22.26110536;68.80076638;48;;;;
520;P48-3;1;2018-07-23;22.26122496;68.80085547;50;;;;
521;P48-4;1;2018-07-23;22.26090009;68.80083473;49;;;;
522;P48-5;1;2018-07-23;22.26091707;68.80069835;50;;;;
523;P50-1;1;2018-07-23;22.26002654;68.80064948;44;;;;
524;P50-2;1;2018-07-23;22.25984028;68.80079577;53;;;;
525;P50-3;1;2018-07-23;22.25961424;68.80079547;50;;;;
526;P50-4;1;2018-07-23;22.25949005;68.80086108;48;;;;
527;P28-2;1;2018-07-24;22.27812122;68.80138279;36;;;;
528;P28-3;1;2018-07-24;22.27824943;68.80136336;30;;;;
529;P46-3;1;2018-07-23;22.26233798;68.80040744;58;;;;
530;P49-1;1;2018-07-23;22.2613887;68.80009673;59;;;;
531;P49-2;1;2018-07-23;22.26109862;68.80006275;50;;;;
532;P49-3;1;2018-07-23;22.26100067;68.80016382;54;;;;
533;P49-4;1;2018-07-23;22.26080539;68.80015971;46;;;;
534;P49-5;1;2018-07-23;22.26061388;68.80007429;50;;;;
535;P49-6;1;2018-07-23;22.26055305;68.80021602;41;;;;
536;P49-7;1;2018-07-23;22.26022996;68.80014923;55;;;;
537;P49-8;1;2018-07-23;22.25992371;68.80023593;48;;;;
538;P49-9;1;2018-07-23;22.25970755;68.8001841;42;;;;
539;P49-10;1;2018-07-23;22.25994752;68.80009;56;;;;
540;P49-11;1;2018-07-23;22.2603081;68.80007431;50;;;;
541;P49-12;1;2018-07-23;22.26098695;68.80031622;57;;;;
542;P29-1;1;2018-07-24;22.27469821;68.80033623;52;;;;
543;P29-2;1;2018-07-24;22.27442568;68.80034138;40;;;;
544;P29-3;1;2018-07-24;22.27449089;68.80026816;48;;;;
545;P29-4;1;2018-07-24;22.27449959;68.80022932;50;;;;
546;P29-5;1;2018-07-24;22.27432973;68.80023469;45;;;;
547;P44-1;1;2018-07-23;22.26291285;68.79984773;41;;;;
548;P44-2;1;2018-07-23;22.26289146;68.79976876;70;;;;
549;P44-3;1;2018-07-23;22.26262606;68.79973742;55;;;;
550;P45-1;1;2018-07-23;22.26210676;68.79963933;54;;;;
551;P45-2;1;2018-07-23;22.26191364;68.7995667;48;;;;
552;P45-3;1;2018-07-23;22.26175319;68.79964952;52;;;;
553;P45-4;1;2018-07-23;22.26155079;68.79957356;54;;;;
554;P45-5;1;2018-07-23;22.26142737;68.79965558;47;;;;
555;P45-6;1;2018-07-23;22.26103126;68.79960798;38;;;;
556;P45-7;1;2018-07-23;22.26072316;68.7995323;44;;;;
557;P45-8;1;2018-07-23;22.2605369;68.79951179;47;;;;
558;P45-9;1;2018-07-23;22.26006586;68.7994924;42;;;;
559;P30-1;1;2018-07-24;22.27532544;68.79980762;59;;;;
560;P30-2;1;2018-07-24;22.27523143;68.79987324;46;;;;
561;P30-3;1;2018-07-24;22.27498603;68.79981864;46;;;;
562;P30-4;1;2018-07-24;22.27493088;68.79971518;49;;;;
563;P30-5;1;2018-07-24;22.27476122;68.79968148;50;;;;
564;P31-2;1;2018-07-24;22.275888;68.799323;45;;;;
565;P31-3;1;2018-07-24;22.27577;68.799261;45;;;;
566;P31-4;1;2018-07-24;22.275649;68.799307;45;;;;
567;P31-5;1;2018-07-24;22.275457;68.799318;40;;;;
568;P31-6;1;2018-07-24;22.27527;68.799328;40;;;;
569;P32-2;1;2018-07-24;22.27614284;68.79736902;51;;;;
570;P32-1;1;2018-07-24;22.27593819;68.79731503;57;;;;
571;P32-3;1;2018-07-24;22.276157;68.79730386;48;;;;
572;P32-4;1;2018-07-24;22.27630937;68.79733281;40;;;;
573;P32-5;1;2018-07-24;22.27607367;68.79722869;53;;;;
574;BP06-1;3;2018-07-29;21.57963374;68.94910037;40;;;;
575;BP06-2;3;2018-07-29;21.5798109;68.94907418;45;;;;
576;BP16-1;3;2018-07-29;21.5809487;68.94937984;40;;;;
577;BP16-2;3;2018-07-29;21.58122903;68.94930338;61;;;;
578;BP16-3;3;2018-07-29;21.58097322;68.94924684;38;;;;
579;BP16-4;3;2018-07-29;21.58121665;68.94921767;41;;;;
580;BP16-5;3;2018-07-29;21.58133323;68.94915344;37;;;;
581;BP11-1;3;2018-07-29;21.58116807;68.94891376;37;;;;
582;BP11-2;3;2018-07-29;21.58092461;68.94879156;39;;;;
583;BP11-3;3;2018-07-29;21.58119357;68.94882034;39;;;;
584;BP11-4;3;2018-07-29;21.58164247;68.94884743;46;;;;
585;BP11-5;3;2018-07-29;21.58134171;68.94871851;40;;;;
586;BP11-6;3;2018-07-29;21.58135715;68.94858022;40;;;;
587;BP11-7;3;2018-07-29;21.5815596;68.94854146;43;;;;
588;BP11-8;3;2018-07-29;21.58146489;68.9484395;47;;;;
589;BP11-9;3;2018-07-29;21.58125612;68.9484293;40;;;;
590;BP12-1;3;2018-07-29;21.58166467;68.94838537;38;;;;
591;BP12-2;3;2018-07-29;21.58171743;68.948396;37;;;;
592;BP13-1;3;2018-07-29;21.58179194;68.94852342;38;;;;
593;BP13-2;3;2018-07-29;21.58174953;68.94858003;35;;;;
594;BP13-3;3;2018-07-29;21.5816847;68.94863369;40;;;;
595;BP01-1;3;2018-07-29;21.58212124;68.94842182;40;;;;
596;BP01-2;3;2018-07-29;21.58223218;68.94835909;55;;;;
597;BP01-3;3;2018-07-29;21.58241008;68.94833003;45;;;;
598;BP01-4;3;2018-07-29;21.5822634;68.94820476;52;;;;
599;BP01-5;3;2018-07-29;21.58217879;68.94810562;50;;;;
600;BP01-6;3;2018-07-29;21.58189859;68.94808882;37;;;;
601;BP01-7;3;2018-07-29;21.58175219;68.94818993;48;;;;
602;BP01-8;3;2018-07-29;21.58156491;68.9482602;37;;;;
603;BP01-9;3;2018-07-29;21.58178171;68.94824179;50;;;;
604;BP01-10;3;2018-07-29;21.58180781;68.9482654;55;;;;
605;BP05-1;3;2018-07-29;21.583408;68.94875621;38;;;;
606;BP05-2;3;2018-07-29;21.58365517;68.94879493;40;;;;
607;BP05-3;3;2018-07-29;21.58385914;68.94884984;39;;;;
608;BP05-4;3;2018-07-29;21.58386003;68.94873332;41;;;;
609;BP05-5;3;2018-07-29;21.58390461;68.94860852;38;;;;
610;BP05-6;3;2018-07-29;21.58411157;68.94849103;55;;;;
611;BP05-7;3;2018-07-29;21.58384176;68.94843448;42;;;;
612;BP05-8;3;2018-07-29;21.5837023;68.94852271;33;;;;
613;BP05-9;3;2018-07-29;21.58336758;68.94851565;40;;;;
614;BP05-10;3;2018-07-29;21.58292459;68.94860062;44;;;;
615;BP05-11;3;2018-07-29;21.58271965;68.94851013;36;;;;
616;BP05-12;3;2018-07-29;21.58318386;68.9484235;42;;;;
617;BP05-13;3;2018-07-29;21.58365502;68.94836571;47;;;;
618;BP05-14;3;2018-07-29;21.58325913;68.94826373;77;;;;
619;BP05-15;3;2018-07-29;21.5828581;68.9482859;51;;;;
620;BP05-16;3;2018-07-29;21.58302308;68.9481779;58;;;;
621;BP05-17;3;2018-07-29;21.58264376;68.94808708;48;;;;
622;BP05-18;3;2018-07-29;21.58254343;68.94791486;50;;;;
623;BP05-19;3;2018-07-29;21.58288301;68.94790118;43;;;;
624;BP05-20;3;2018-07-29;21.58327494;68.94787082;45;;;;
625;BP05-21;3;2018-07-29;21.58307537;68.94774381;52;;;;
626;BP05-22;3;2018-07-29;21.58275822;68.94771373;54;;;;
627;BP33-1;3;2018-07-29;21.586835;68.947026;45;;;;
628;BP33-2;3;2018-07-29;21.587081;68.94706;50;;;;
629;BP33-3;3;2018-07-29;21.587162;68.946956;45;;;;
630;BP33-4;3;2018-07-29;21.587518;68.946963;57;;;;
631;BP36-1;3;2018-07-29;21.587475;68.946813;49;;;;
632;BP36-2;3;2018-07-29;21.587186;68.946796;51;;;;
633;BP36-3;3;2018-07-29;21.586834;68.946799;47;;;;
634;BP36-4;3;2018-07-29;21.586442;68.946796;41;;;;
635;BP36-5;3;2018-07-29;21.586288;68.946904;48;;;;
636;BP36-6;3;2018-07-29;21.587032;68.946708;48;;;;
637;BP36-7;3;2018-07-29;21.587805;68.946712;48;;;;
638;BP36-8;3;2018-07-29;21.587891;68.946545;51;;;;
639;BP36-9;3;2018-07-29;21.587964;68.946424;45;;;;
640;BP36-10;3;2018-07-29;21.587729;68.946508;49;;;;
641;BP36-11;3;2018-07-29;21.587597;68.946434;60;;;;
642;BP36-12;3;2018-07-29;21.587726;68.946372;55;;;;
643;BP36-13;3;2018-07-29;21.587741;68.946263;52;;;;
644;BP36-14;3;2018-07-29;21.587971;68.94628;45;;;;
645;BP36-15;3;2018-07-29;21.587272;68.946566;47;;;;
646;BP36-16;3;2018-07-29;21.586925;68.946585;49;;;;
647;BP36-17;3;2018-07-29;21.586632;68.946624;60;;;;
648;BP34-1;3;2018-07-29;21.588022;68.946789;44;;;;
649;BP34-2;3;2018-07-29;21.588112;68.946911;49;;;;
650;BP34-3;3;2018-07-29;21.588405;68.946864;47;;;;
651;BP34-4;3;2018-07-29;21.588784;68.946859;47;;;;
652;BP34-5;3;2018-07-29;21.588549;68.94669;48;;;;
653;BP40-1;3;2018-07-29;21.589673;68.946684;50;;;;
654;BP40-2;3;2018-07-29;21.589997;68.946747;50;;;;
655;BP40-3;3;2018-07-29;21.589788;68.94695;51;;;;
656;BP40-4;3;2018-07-29;21.590265;68.946933;41;;;;
657;BP40-5;3;2018-07-29;21.590658;68.946825;43;;;;
658;BP40-6;3;2018-07-29;21.59106;68.946743;57;;;;
659;BP40-7;3;2018-07-29;21.5907;68.946622;50;;;;
660;BP40-8;3;2018-07-29;21.590262;68.946607;44;;;;
661;BP1;3;2018-07-29;21.584429;68.94781;48;;;;
662;BP2;3;2018-07-29;21.58446;68.947677;49;;;;
663;BP3;3;2018-07-29;21.584657;68.947609;48;;;;
664;BP4;3;2018-07-29;21.585082;68.947555;43;;;;
665;BP5;3;2018-07-29;21.58506;68.947993;42;;;;
666;BP6_036;3;2018-07-29;21.585356;68.947835;42;;;;
667;37;3;2018-07-29;21.585821;68.947769;44;;;;
668;38;3;2018-07-29;21.586275;68.947865;45;;;;
669;39;3;2018-07-29;21.586536;68.947689;46;;;;
670;40;3;2018-07-29;21.587059;68.947765;40;;;;
671;43;3;2018-07-29;21.588006;68.94795;43;;;;
672;44;3;2018-07-29;21.588169;68.947998;42;;;;
673;45;3;2018-07-29;21.589342;68.947821;58;;;;
674;46;3;2018-07-29;21.589583;68.94795;50;;;;
675;47;3;2018-07-29;21.589606;68.948083;51;;;;
676;48;3;2018-07-29;21.589769;68.948174;46;;;;
677;52;3;2018-07-29;21.592266;68.947595;48;;;;
678;53;3;2018-07-29;21.592346;68.947527;48;;;;
